{
  "$schema": "https://raw.githubusercontent.com/grafana/grafana/master/docs/sources/developers/plugins/plugin.schema.json",
  "type": "panel",
  "name": "Worldview Map",
  "id": "globalnoc-worldview-panel",
  "info": {
    "description": "",
    "author": {
      "name": "Aryan Deora",
      "url": "https://www.globalnoc.iu.edu"
    },
    "keywords": ["Network", "Map"],
    "logos": {
      "small": "img/logo.svg",
      "large": "img/logo.svg"
    },
    "links": [
      {
        "name": "Website",
        "url": "https://github.com/grafana/grafana-starter-panel"
      },
      {
        "name": "License",
        "url": "https://github.com/grafana/grafana-starter-panel/blob/master/LICENSE"
      }
    ],
    "screenshots": [],
    "version": "1.2.1",
    "updated": "2022-10-03"
  },
  "dependencies": {
    "grafanaDependency": ">=7.0.0",
    "plugins": []
  }
}